ID,player_type,winner?,Total_Money,Money_from_GO,Money_from_Chest,Money_from_properties,Starting_Pos,num_moves,path,Passed_go,Jail,Properties,Chest_Cards,Chest Card Payout,Total Wait
""
,round,1,60.292492151260376,seconds,4.0,x speed,randomized time:,True
1,greedy,False,28000,16000,6000,15000,0,80,"[3, 5, 9, 12, 15, 16, 21, 23, 24, 8, 11, 16, 22, 26, 0, 4, 10, 11, 16, 22, 28, 2, 3, 8, 13, 19, 21, 1, 7, 10, 12, 13, 14, 16, 17, 20, 24, 8, 14, 18, 22, 25, 29, 2, 5, 9, 13, 15, 17, 22, 25, 30, 2, 3, 6, 12, 17, 18, 21, 25, 30, 0, 5, 10, 5, 9, 10, 15, 18, 22, 23, 27, 29, 0, 6, 10, 14, 16, 19, 24, 8, 10, 11]",16,3,"[3, 12, 21, 26, 4, 28, 2, 7, 25, 29, 27, 6]","[5, 6, 1]","[[5, 4000], [1, 2000]]",50.45
2,strategic,True,32000,14000,7000,19000,0,79,"[1, 5, 9, 10, 16, 22, 23, 24, 8, 9, 10, 12, 14, 19, 24, 8, 14, 17, 19, 24, 8, 12, 18, 22, 24, 8, 9, 14, 20, 5, 6, 8, 10, 14, 20, 24, 8, 13, 14, 18, 23, 28, 30, 31, 1, 3, 9, 10, 12, 16, 19, 23, 26, 29, 30, 0, 1, 2, 7, 8, 10, 15, 17, 22, 26, 29, 5, 9, 15, 19, 21, 24, 8, 9, 11, 13, 15, 19, 22, 25, 29, 31, 4, 8, 9]",14,6,"[10, 22, 23, 14, 19, 17, 18, 13, 20, 30, 11, 31, 15]","[11, 10, 4]","[[11, 1000], [10, 1000], [10, 1000], [4, 4000]]",50.81000000000002
3,conservative,False,29000,20000,2000,2000,0,92,"[6, 9, 14, 17, 21, 24, 8, 14, 16, 20, 25, 29, 0, 2, 8, 13, 16, 18, 24, 8, 11, 13, 14, 20, 25, 27, 30, 0, 4, 7, 10, 15, 21, 26, 27, 28, 1, 6, 8, 11, 17, 23, 25, 30, 3, 9, 14, 20, 21, 22, 26, 27, 30, 0, 1, 3, 9, 11, 16, 17, 18, 20, 22, 28, 2, 5, 11, 13, 19, 25, 26, 28, 2, 3, 2, 6, 11, 15, 20, 25, 30, 2, 8, 13, 14, 16, 21, 25, 29, 30, 0, 5, 10, 16]",20,2,"[9, 1]","[2, 7, 3]","[[3, 2000]]",50.160000000000004
""
