ID,player_type,winner?,Total_Money,Money_from_GO,Money_from_Chest,Money_from_properties,Starting_Pos,num_moves,path,Passed_go,Jail,Properties,Chest_Cards,Chest Card Payout,Total Wait
""
,round,5,98.8246762752533,seconds,1.0,x speed,randomized time:,True
1,greedy,True,11000,5000,2000,8000,0,31,"[4, 6, 9, 14, 17, 21, 24, 8, 11, 16, 5, 6, 11, 17, 19, 25, 29, 2, 8, 9, 14, 15, 17, 18, 20, 22, 27, 5, 11, 15, 20, 25]",5,1,"[6, 21, 5, 25, 11, 22, 4, 15]","[3, 10, 6]","[[3, 2000]]",84.38000000000001
2,strategic,False,7000,3000,0,7000,0,29,"[2, 8, 11, 13, 17, 21, 27, 29, 3, 4, 10, 11, 14, 18, 24, 8, 10, 1, 3, 9, 11, 16, 20, 26, 4, 6, 8, 13, 14, 15]",3,1,"[2, 27, 14, 18, 20, 26, 19]","[5, 4, 8]",[],83.98000000000003
3,conservative,False,11000,6000,0,0,0,38,"[4, 5, 9, 10, 16, 21, 23, 29, 2, 3, 4, 8, 10, 11, 4, 5, 8, 13, 18, 22, 25, 26, 31, 5, 9, 15, 19, 24, 8, 14, 16, 22, 25, 27, 5, 6, 9, 14, 17]",6,1,[],"[2, 9, 10]",[],84.61999999999998
""
