ID,Player Type,Winner?,Total Money,Money from GO,Money from Chest,Money from properties,Starting Position,Number of Moves,Path,Times Passed Go,Times in Jail,Properties,Chest Cards,Chest Card Payout,Total Wait
""
,round,1,40.964913845062256,seconds,3.0,x speed,randomized time:,True
1,greedy,Loser,9000,6000,1000,6000,0,30,"[3, 7, 12, 16, 22, 23, 26, 0, 3, 6, 8, 11, 17, 22, 27, 29, 5, 7, 12, 18, 24, 8, 12, 14, 18, 22, 6, 10, 12, 13, 19]",6,1,"[3, 12, 22, 23, 6, 18]","[5, 11, 3]","[[11, 1000]]",27.99
2,strategic,Winner,15000,5000,1000,13000,0,27,"[1, 3, 6, 10, 13, 16, 22, 23, 24, 3, 8, 13, 17, 21, 27, 1, 2, 3, 6, 10, 16, 20, 24, 4, 9, 15, 18]",5,0,"[10, 13, 17, 21, 7, 2, 20, 14, 9, 11]","[10, 8, 9]","[[10, 1000]]",27.360000000000003
3,conservative,Loser,12000,7000,0,0,0,37,"[1, 7, 12, 17, 22, 27, 31, 4, 10, 11, 13, 19, 20, 5, 10, 13, 16, 22, 24, 8, 9, 14, 18, 2, 8, 12, 17, 19, 21, 24, 8, 11, 13, 18, 2, 3, 4, 9, 13]",7,2,[],"[2, 1, 6]",[],28.020000000000007
""
