ID,player_type,winner?,Total_Money,Money_from_GO,Money_from_Chest,Money_from_properties,Starting_Pos,num_moves,path,Passed_go,Jail,Properties,Chest_Cards,Chest Card Payout,Total Wait
""
,round,4,61.89357805252075,seconds,2.0,x speed,randomized time:,True
1,greedy,False,18000,6000,4000,14000,0,36,"[5, 11, 14, 17, 19, 22, 26, 29, 30, 2, 6, 6, 11, 13, 18, 20, 25, 26, 30, 2, 3, 8, 13, 17, 21, 26, 28, 6, 9, 12, 16, 17, 18, 23, 25, 30]",6,0,"[14, 17, 19, 22, 18, 13, 21, 23]","[10, 2, 10]","[[10, 1000], [10, 1000], [10, 1000], [10, 1000]]",51.05
2,strategic,True,19000,6000,6000,12000,0,36,"[1, 2, 5, 11, 16, 17, 20, 25, 28, 31, 3, 6, 7, 12, 15, 17, 18, 23, 25, 30, 3, 9, 12, 17, 22, 26, 29, 2, 7, 8, 12, 15, 20, 25, 26, 30]",6,0,"[2, 20, 25, 28, 31, 3, 30, 6, 7, 9]","[1, 9, 11]","[[1, 2000], [9, 2000], [11, 1000], [11, 1000]]",51.57999999999999
3,conservative,False,16000,8000,2000,1000,0,45,"[3, 9, 11, 17, 19, 20, 25, 31, 2, 5, 9, 12, 17, 19, 25, 29, 2, 4, 5, 7, 8, 9, 11, 17, 21, 27, 30, 31, 3, 6, 7, 8, 11, 14, 15, 19, 4, 8, 10, 11, 12, 13, 19, 25, 29]",8,0,[11],"[7, 6, 3]","[[3, 2000]]",51.41000000000001
""
